question_id,question,mode,retrieval_weight,graph_weight,quality_weight,use_graph,num_final_chunks,vector_chunks,graph_chunks,both_chunks,unique_papers,num_graph_expanded_papers,citation_coverage,has_page_ranges,retrieval_ms,graph_ms,total_ms,top_1_source,top_1_paper,top_1_title
q_api_001,How do recent papers evaluate retrieval augmented generation?,vector_only,1.0,0.0,0.0,False,5,5,0,0,3,0,1.0,True,144.48,0.0,144.48,vector,paper85,Beyond Semantic Relevance: Counterfactual Risk Minimization for Robust Retrieval-Augmented Generation
q_api_001,How do recent papers evaluate retrieval augmented generation?,graph_guided,0.5,0.4,0.1,True,8,1,7,0,5,5,1.0,True,143.0,97.49,240.49,graph,paper70,Verbal-R3: Verbal Reranker as the Missing Bridge between Retrieval and Reasoning
q_api_001,How do recent papers evaluate retrieval augmented generation?,hybrid_graphrag,0.8,0.1,0.1,True,8,5,3,0,5,5,1.0,True,157.48,82.5,239.98,vector,paper85,Beyond Semantic Relevance: Counterfactual Risk Minimization for Robust Retrieval-Augmented Generation
q_api_002,What methods are used for reranking in retrieval augmented generation?,vector_only,1.0,0.0,0.0,False,5,5,0,0,3,0,1.0,True,159.18,0.0,159.18,vector,paper12,Generation: A Controlled Empirical Study1
q_api_002,What methods are used for reranking in retrieval augmented generation?,graph_guided,0.5,0.4,0.1,True,8,2,6,0,5,5,1.0,True,141.48,86.5,227.98,graph,paper70,Verbal-R3: Verbal Reranker as the Missing Bridge between Retrieval and Reasoning
q_api_002,What methods are used for reranking in retrieval augmented generation?,hybrid_graphrag,0.8,0.1,0.1,True,8,5,3,0,5,5,1.0,True,98.49,88.5,186.99,vector,paper12,Generation: A Controlled Empirical Study1
q_api_003,How do recent papers discuss hallucination detection and safety in large language models?,vector_only,1.0,0.0,0.0,False,5,5,0,0,3,0,1.0,True,158.04,0.0,158.04,vector,paper19,HalluScan: A Systematic Benchmark for Detecting and Mitigating Hallucinations in Instruction-Following LLMs
q_api_003,How do recent papers discuss hallucination detection and safety in large language models?,graph_guided,0.5,0.4,0.1,True,8,2,6,0,5,5,1.0,True,141.48,92.5,233.98,graph,paper146,ML-Bench&Guard: Policy-Grounded Multilingual Safety Benchmark and Guardrail for Large Language Models
q_api_003,How do recent papers discuss hallucination detection and safety in large language models?,hybrid_graphrag,0.8,0.1,0.1,True,8,5,3,0,5,5,1.0,True,98.23,101.49,200.72,vector,paper19,HalluScan: A Systematic Benchmark for Detecting and Mitigating Hallucinations in Instruction-Following LLMs
